DisplayID;DisplayHole;DisplayDiagonal;Resolution;DisplayType;DisplayColorDepth;DisplayIllumination;DisplayRefreshRate
2001;;162.3 mm;1080x2340;Color IPS TFT LCD display;30 bit/pixel;LED;
2002;;154.6 mm;600x1280;Color IPS TFT LCD display;24 bit/pixel;LED;
2003;;149.6 mm;720x1512;Color IPS TFT LCD display;24 bit/pixel;Yes;
2004;;33.96 mm;272x340;Color AM-OLED display;24 bit/pixel;Self-illuminating;
2005;;39.78 mm;312x390;Color AM-OLED display;24 bit/pixel;Self-illuminating;
2006;;38.94 mm;324x390;Color AM-OLED display;24 bit/pixel;Self-illuminating;60 Hz
2007;;139.5 mm;1080x2280;Color IPS TFT LCD display;24 bit/pixel;LED;
2008;;148.33 mm;1080x2280;Color IPS TFT LCD display;24 bit/pixel;LED;
2009;;162.6 mm;720x1520;Color AM-OLED display;24 bit/pixel;Self-illuminating;
2010;;127 mm;720x1440;Color IPS TFT LCD display;24 bit/pixel;LED;
2011;;162.5 mm;1080x2340;Color AM-OLED display;24 bit/pixel;Self-illuminating;60 Hz
2012;;156.21 mm;1080x2312;Color IPS TFT LCD display;24 bit/pixel;LED;
2013;1-hole;139.7 mm;1080x1920;Color IPS TFT LCD display;24 bit/pixel;LED;
2014;;157.5 mm;720x1520;Color IPS TFT LCD display;24 bit/pixel;Yes;
2015;1-hole;162.8 mm;720x1560;Color IPS TFT LCD display;24 bit/pixel;Yes;
2016;;154.6 mm;720x1560;Color IPS TFT LCD display;24 bit/pixel;LED;
2017;;145 mm;720x1440;Color IPS TFT LCD display;24 bit/pixel;LED;
2018;;127 mm;480x960;Color TN-TFT LCD display;24 bit/pixel;LED;
2019;;132 mm;1080x1920;Color IPS TFT LCD display;24 bit/pixel;Yes;
2020;;160.02 mm;1080x2280;Color IPS TFT LCD display;24 bit/pixel;LED;
2021;;163.1 mm;1080x2340;Color AM-OLED display;24 bit/pixel;Self-illuminating;
2022;;154.68 mm;720x1560;Color IPS TFT LCD display;24 bit/pixel;Yes;
2023;;159 mm;720x1480;Color IPS TFT LCD display;24 bit/pixel;Yes;
2024;;165.32 mm;720x1600;Color IPS TFT LCD display;24 bit/pixel;LED;
2025;;165.86 mm;1080x2340;Color IPS TFT LCD display;24 bit/pixel;LED;
2026;;148.34 mm;720x1440;monochrome E Ink display;24 bit/pixel;Yes;
2027;;160 mm;1080x2400;Color AM-OLED display;24 bit/pixel;Self-illuminating;
2028;;167.39 mm;1080x2340;Color IPS TFT LCD display;24 bit/pixel;LED;
2029;;165 mm;1242x2688;Color AM-OLED display;30 bit/pixel;Self-illuminating;60 Hz
2030;;147 mm;1125x2436;Color AM-OLED display;30 bit/pixel;Self-illuminating;60 Hz
2031;;160.02 mm;1080x2340;Color IPS TFT LCD display;24 bit/pixel;LED;
2032;;155 mm;828x1792;Color IPS TFT LCD display;24 bit/pixel;LED;60 Hz
2033;;157.48 mm;1440x3120;Color ASV TFT LCD display;24 bit/pixel;Yes;120 Hz
2034;;143.5 mm;720x1440;Color IPS TFT LCD display;24 bit/pixel;LED;
2035;;152.4 mm;1440x3040;Color ASV TFT LCD display;24 bit/pixel;Yes;
2036;;165 mm;1080x2232;Color AM-OLED display;24 bit/pixel;Self-illuminating;
2037;1-hole;159 mm;1080x2340;Color IPS TFT LCD display;30 bit/pixel;LED;
2038;1-hole;162.5 mm;1080x2310;Color IPS TFT LCD display;30 bit/pixel;LED;
2039;;166.88 mm;1080x2400;Color IPS TFT LCD display;30 bit/pixel;LED;
2040;1-hole;163.5 mm;1080x2400;Color AM-OLED display;24 bit/pixel;Self-illuminating;
2041;;168.15 mm;1080x2340;Color AM-OLED display;30 bit/pixel;Self-illuminating;
2042;;147.3 mm;1080x2280;Color IPS TFT LCD display;24 bit/pixel;Yes;
2043;;157.48 mm;1440x2992;Color AM-OLED display;24 bit/pixel;Self-illuminating;
2044;;154.69 mm;720x1560;Color IPS TFT LCD display;24 bit/pixel;LED;
2045;;127 mm;1080x1920;Color IPS TFT LCD display;24 bit/pixel;LED;
2046;;154.9 mm;1080x2520;Color AM-OLED display;30 bit/pixel;Self-illuminating;
2047;;157 mm;720x1520;Color IPS TFT LCD display;24 bit/pixel;Yes;
2048;;127 mm;1080x2160;Color IPS TFT LCD display;24 bit/pixel;LED;
2049;;30.5 mm;390x390;Color AM-OLED display;24 bit/pixel;Self-illuminating;
2050;;255.4 mm;1920x1200;Color IPS TFT LCD display;24 bit/pixel;Yes;
2051;;203.2 mm;800x1280;Color IPS TFT LCD display;24 bit/pixel;Yes;
2052;;178 mm;1024x600;Color TN-TFT LCD display;24 bit/pixel;LED;
2053;;139 mm;480x960;Color IPS TFT LCD display;24 bit/pixel;Yes;
2054;;161 mm;720x1548;Color IPS TFT LCD display;24 bit/pixel;Self-illuminating;
2055;;144.8 mm;720x1512;Color IPS TFT LCD display;24 bit/pixel;LED;
2056;;167.39 mm;1080x2340;Color AM-OLED display;30 bit/pixel;Self-illuminating;120 Hz
2057;;144.78 mm;720x1280;Color IPS TFT LCD display;24 bit/pixel;Yes;
2058;;162.3 mm;1440x3120;Color AM-OLED display;30 bit/pixel;Self-illuminating;
2059;;155 mm;1080x2340;Color AM-OLED display;30 bit/pixel;Self-illuminating;
2060;;161.5 mm;1080x2160;Color IPS TFT LCD display;24 bit/pixel;LED;
2061;;166.3 mm;1080x2400;Color AM-OLED display;30 bit/pixel;Self-illuminating;90 Hz
2062;;150 mm;1080x2160;Color IPS TFT LCD display;24 bit/pixel;LED;
2063;;154.6 mm;600x1280;Color IPS TFT LCD display;24 bit/pixel;Yes;
2064;;152.4 mm;1080x2220;Color ASV TFT LCD display;24 bit/pixel;Yes;
2065;;161.2 mm;720x1544;Color IPS TFT LCD display;24 bit/pixel;LED;
2066;1-hole;274.3 mm;2560x1600;Color IPS TFT LCD display;30 bit/pixel;LED;
2067;1-hole;169.2 mm;1440x3040;Color AM-OLED display;24 bit/pixel;Self-illuminating;
2068;;162.4 mm;1080x2340;Color AM-OLED display;24 bit/pixel;Self-illuminating;
2069;;129 mm;1440x2560;Color IPS TFT LCD display;24 bit/pixel;Yes;
2070;;169.4 mm;1440x3120;Color AM-OLED display;30 bit/pixel;Self-illuminating;90 Hz
2071;;166.4 mm;1080x2400;Color AM-OLED display;30 bit/pixel;Self-illuminating;90 Hz
2072;;162.31 mm;1080x2340;Color AM-OLED display;30 bit/pixel;Self-illuminating;
2073;;145 mm;720x1440;Color IPS TFT LCD display;24 bit/pixel;Yes;
2074;;148.6 mm;720x1512;Color IPS TFT LCD display;24 bit/pixel;LED;
2075;;165 mm;1080x2340;Color AM-OLED display;24 bit/pixel;Self-illuminating;
2076;;166 mm;1080x2400;Color AM-OLED display;30 bit/pixel;Self-illuminating;
2077;;168.9 mm;1080x2340;Color AM-OLED display;30 bit/pixel;Self-illuminating;
2078;;162 mm;1080x2340;Color IPS TFT LCD display;24 bit/pixel;LED;
2079;;143.51 mm;720x1440;Color TN-TFT LCD display;24 bit/pixel;Yes;
2080;;160 mm;1440x3040;Color AM-OLED display;24 bit/pixel;Self-illuminating;90 Hz
2081;;144.8 mm;1080x2280;Color AM-OLED display;24 bit/pixel;Self-illuminating;90 Hz
2082;;144.8 mm;720x1440;Color IPS TFT LCD display;24 bit/pixel;Yes;
2083;;259 mm;1620x2160;Color IPS TFT LCD display;24 bit/pixel;LED;
2084;;155 mm;828x1792;Color IPS TFT LCD display;30 bit/pixel;LED;60 Hz
2085;1-hole;160 mm;1080x2520;Color IPS TFT LCD display;24 bit/pixel;LED;
2086;1-hole;155.1 mm;1440x3040;Color AM-OLED display;24 bit/pixel;Self-illuminating;
2087;;165.1 mm;1080x2400;Color AM-OLED display;30 bit/pixel;Self-illuminating;90 Hz
2088;;162 mm;1080x2340;Color AM-OLED display;30 bit/pixel;Self-illuminating;
2089;;201.17 mm;2088x2250;Color AM-OLED display;30 bit/pixel;Self-illuminating;
2090;;147 mm;1125x2436;Color AM-OLED display;30 bit/pixel;Yes;60 Hz
2091;;114.3 mm;480x854;Color IPS TFT LCD display;24 bit/pixel;Yes;
2092;;203 mm;1200x1920;Color IPS TFT LCD display;24 bit/pixel;LED;
2093;;135 mm;480x960;Color IPS TFT LCD display;24 bit/pixel;Yes;
2094;;145.3 mm;720x1440;Color IPS TFT LCD display;24 bit/pixel;Yes;
2095;;256.54 mm;1200x1920;Color IPS TFT LCD display;24 bit/pixel;Yes;
2096;;127 mm;480x960;Color IPS TFT LCD display;24 bit/pixel;Yes;
2097;;168.9 mm;1080x2340;Color AM-OLED display;24 bit/pixel;Self-illuminating;90 Hz
2098;;162.81 mm;1080x2340;Color AM-OLED display;30 bit/pixel;Self-illuminating;
2099;;119 mm;720x1280;Color IPS TFT LCD display;;Yes;
2100;1-hole;159.4 mm;1080x2280;Color AM-OLED display;24 bit/pixel;Self-illuminating;
2101;;162 mm;1440x2960;Color AM-OLED display;24 bit/pixel;Self-illuminating;
2102;;213 mm;1600x2560;Color IPS TFT LCD display;24 bit/pixel;Yes;
2103;;154.9 mm;600x1280;Color IPS TFT LCD display;24 bit/pixel;LED;
2104;;154.9 mm;;Color IPS TFT LCD display;24 bit/pixel;LED;
2105;;139.7 mm;540x1132;Color IPS TFT LCD display;24 bit/pixel;LED;
2106;;152.4 mm;720x1440;Color IPS TFT LCD display;24 bit/pixel;Yes;
2107;;154.94 mm;600x1280;Color IPS TFT LCD display;24 bit/pixel;Yes;
2108;1-hole;163.5 mm;1440x3040;Color AM-OLED display;24 bit/pixel;Self-illuminating;
2109;1-hole;146.1 mm;1080x2280;Color AM-OLED display;24 bit/pixel;Self-illuminating;
2110;;154.63 mm;720x1560;Color AM-OLED display;24 bit/pixel;Self-illuminating;
2111;;160 mm;1080x2340;Color IPS TFT LCD display;24 bit/pixel;Yes;
2112;;165.1 mm;1080x2340;Color AM-OLED display;24 bit/pixel;Self-illuminating;
2113;1-hole;162.3 mm;1080x2310;Color IPS TFT LCD display;24 bit/pixel;LED;
2114;;165.9 mm;1080x2340;Color AM-OLED display;24 bit/pixel;Self-illuminating;
2115;;145.03 mm;720x1520;Color IPS TFT LCD display;24 bit/pixel;LED;
2116;;157.5 mm;1080x2232;Color AM-OLED display;24 bit/pixel;Self-illuminating;
2117;;144.78 mm;720x1440;Color IPS TFT LCD display;24 bit/pixel;LED;
2118;;156.2 mm;1080x2220;Color IPS TFT LCD display;24 bit/pixel;LED;
2119;;162.31 mm;1080x2340;Color AM-OLED display;24 bit/pixel;Self-illuminating;120 Hz
2120;;144.7 mm;720x1440;Color IPS TFT LCD display;24 bit/pixel;Yes;
2121;;138.4 mm;480x960;Color IPS TFT LCD display;24 bit/pixel;LED;
2122;;174.8 mm;640x1352;Color IPS TFT LCD display;24 bit/pixel;LED;
2123;;139.7 mm;640x1280;Color IPS TFT LCD display;24 bit/pixel;Yes;
2124;;182 mm;1080x2244;Color AM-OLED display;30 bit/pixel;Self-illuminating;
2125;;144.78 mm;720x1440;Color IPS TFT LCD display;24 bit/pixel;Yes;
2126;;149.2 mm;1080x2340;Color AM-OLED display;24 bit/pixel;Self-illuminating;
2127;;162.8 mm;1080x2340;Color AM-OLED display;24 bit/pixel;Self-illuminating;
2128;;158.49 mm;1080x2270;Color IPS TFT LCD display;24 bit/pixel;LED;
2129;;157.5 mm;720x1570;Color IPS TFT LCD display;24 bit/pixel;LED;
2130;;157.2 mm;720x1512;Color IPS TFT LCD display;24 bit/pixel;LED;
2131;;170 mm;1080x2460;Color AM-OLED display;24 bit/pixel;Self-illuminating;
2132;;157.4 mm;1080x2246;Color IPS TFT LCD display;24 bit/pixel;Yes;
2133;1-hole;165.9 mm;1080x2340;Color IPS TFT LCD display;30 bit/pixel;LED;
2134;;157.73 mm;1080x2248;Color AM-OLED display;30 bit/pixel;Self-illuminating;
2135;;139.7 mm;1080x2160;Color IPS TFT LCD display;24 bit/pixel;LED;
2136;;148.6 mm;720x1512;Color IPS TFT LCD display;24 bit/pixel;Yes;
2137;;155 mm;600x1280;Color IPS TFT LCD display;24 bit/pixel;Yes;
2138;;144.7 mm;720x1498;Color IPS TFT LCD display;24 bit/pixel;Yes;
2139;;126.7 mm;720x1280;Color IPS TFT LCD display;24 bit/pixel;Yes;
2140;;134.6 mm;720x1280;Color IPS TFT LCD display;24 bit/pixel;LED;
2141;;162.5 mm;1440x3120;Color AM-OLED display;30 bit/pixel;Self-illuminating;
2142;;152.4 mm;1080x2160;Color AM-OLED display;24 bit/pixel;Self-illuminating;
2143;;138.4 mm;480x960;Color IPS TFT LCD display;24 bit/pixel;Yes;
2144;;159 mm;720x1520;Color IPS TFT LCD display;24 bit/pixel;Yes;
2145;;169.4 mm;1440x3140;Color AM-OLED display;30 bit/pixel;Self-illuminating;90 Hz
2146;;101 mm;640x1136;Color IPS TFT LCD display;24 bit/pixel;LED;
2147;1-hole;169.3 mm;1440x3040;Color AM-OLED display;24 bit/pixel;Self-illuminating;
2148;;178 mm;600x1024;Color IPS TFT LCD display;24 bit/pixel;Yes;
2149;;163.1 mm;1080x2340;Color AM-OLED display;30 bit/pixel;Self-illuminating;
2150;;165.86 mm;1080x2340;Color TN-TFT LCD display;24 bit/pixel;LED;
2151;;157.4 mm;720x1520;Color IPS TFT LCD display;24 bit/pixel;LED;
2152;;162.5 mm;1080x2340;Color AM-OLED display;30 bit/pixel;Self-illuminating;
2153;1-hole;160 mm;1080x2340;Color PLS TFT LCD display;24 bit/pixel;LED;
2154;;162.1 mm;720x1560;Color AM-OLED display;24 bit/pixel;Self-illuminating;
2155;;157.73 mm;1080x2248;Color AM-OLED display;24 bit/pixel;Self-illuminating;
2156;;254 mm;800x1280;Color IPS TFT LCD display;24 bit/pixel;Yes;
2157;;267 mm;1668x2224;Color IPS TFT LCD display;24 bit/pixel;LED;
2158;;159 mm;1520x720;Color IPS TFT LCD display;24 bit/pixel;LED;
2159;;266.2 mm;1600x2560;Color AM-OLED display;24 bit/pixel;Self-illuminating;
2160;;165.1 mm;1080x2520;Color IPS TFT LCD display;24 bit/pixel;LED;
2161;;176.5 mm;1080x2160;Color IPS TFT LCD display;24 bit/pixel;Yes;
2162;;144.8 mm;1080x2160;Color IPS TFT LCD display;24 bit/pixel;Yes;
2163;;139.7 mm;1080x1920;Color IPS TFT LCD display;24 bit/pixel;LED;
2164;;38.94 mm;324x394;Color AM-OLED display;24 bit/pixel;Self-illuminating;
2165;;152.14 mm;1440x2880;Color AM-OLED display;24 bit/pixel;Self-illuminating;
2166;;151.6 mm;1080x2340;Color AM-OLED display;24 bit/pixel;Self-illuminating;
2167;;150.8 mm;720x1560;Color IPS TFT LCD display;24 bit/pixel;LED;
2168;;165.86 mm;1080x2340;Color IPS TFT LCD display;30 bit/pixel;LED;
2169;;157.4 mm;720x1520;Color TN-TFT LCD display;24 bit/pixel;Yes;
2170;;154.635 mm;720x1560;Color IPS TFT LCD display;24 bit/pixel;LED;
2171;;199.4 mm;1536x2048;Color IPS TFT LCD display;24 bit/pixel;LED;
2172;;203.1 mm;1200x1920;Color IPS TFT LCD display;24 bit/pixel;LED;
2173;;139 mm;1080x1920;Color IPS TFT LCD display;24 bit/pixel;Yes;
2174;;138 mm;720x1440;Color IPS TFT LCD display;24 bit/pixel;Yes;
2175;;148.3 mm;1080x2280;Color IPS TFT LCD display;24 bit/pixel;Yes;
2176;;102 mm;192x960;Color AM-OLED display;24 bit/pixel;Self-illuminating;
2177;;138.4 mm;720x1280;Color IPS TFT LCD display;24 bit/pixel;Yes;
2178;;157.5 mm;1080x2244;Color IPS TFT LCD display;24 bit/pixel;LED;
2179;;60.9 mm;320x240;Color TN-TFT LCD display;;Yes;
2180;;60.9 mm;240x320;Color TN-TFT LCD display;;Yes;
2181;;28.1 mm;360x360;Color AM-OLED display;24 bit/pixel;Self-illuminating;
2182;;174 mm;640x1352;Color IPS TFT LCD display;24 bit/pixel;Yes;
2183;;147.3 mm;1080x2280;Color IPS TFT LCD display;24 bit/pixel;LED;
2184;;154.69 mm;1440x3120;Color IPS TFT LCD display;24 bit/pixel;LED;
2185;;101.6 mm;480x800;Color IPS TFT LCD display;24 bit/pixel;Yes;
2186;;144.7 mm;720x1440;Color TN-TFT LCD display;24 bit/pixel;Yes;
2187;;144.78 mm;1080x2160;Color TN-TFT LCD display;24 bit/pixel;Yes;
2188;;152 mm;1080x2160;Color AM-OLED display;24 bit/pixel;Self-illuminating;
2189;;114.3 mm;480x854;Color IPS TFT LCD display;24 bit/pixel;LED;
2190;;162.56 mm;1080x2340;Color AM-OLED display;24 bit/pixel;Self-illuminating;
2191;;148.84 mm;720x1520;Color IPS TFT LCD display;24 bit/pixel;LED;
2192;;132 mm;1080x2280;Color ASV TFT LCD display;24 bit/pixel;Yes;120 Hz
2193;;152.15 mm;720x1440;Color IPS TFT LCD display;24 bit/pixel;LED;
2194;;152.15 mm;720x1440;Color IPS TFT LCD display;24 bit/pixel;Yes;
2195;;139 mm;720x1280;Color IPS TFT LCD display;24 bit/pixel;LED;
2196;;126.7 mm;720x1280;Color TN-TFT LCD display;24 bit/pixel;Yes;
2197;;126.3 mm;720x1280;Color TN-TFT LCD display;24 bit/pixel;Yes;
2198;;126.3 mm;720x1280;Color AM-OLED display;24 bit/pixel;Self-illuminating;
2199;;157 mm;1080x2280;Color IPS TFT LCD display;30 bit/pixel;LED;
2200;;152.2 mm;1440x2880;Color AM-OLED display;24 bit/pixel;Self-illuminating;
2201;;32.9 mm;360x360;Color AM-OLED display;24 bit/pixel;Self-illuminating;
2202;;132.08 mm;1080x1920;Color IPS TFT LCD display;24 bit/pixel;Yes;
2203;;152.6 mm;720x1480;Color TN-TFT LCD display;24 bit/pixel;LED;
2204;;139.7 mm;1440x2560;Color AM-OLED display;24 bit/pixel;Self-illuminating;
2205;;157.4 mm;720x1520;Color IPS TFT LCD display;24 bit/pixel;Yes;
2206;;139.7 mm;720x1280;Color IPS TFT LCD display;24 bit/pixel;LED;
2207;;152.14 mm;1080x2160;Color IPS TFT LCD display;30 bit/pixel;LED;
2208;;162 mm;1440x3120;Color AM-OLED display;24 bit/pixel;Self-illuminating;
2209;;152.14 mm;2160x1080;Color AM-OLED display;24 bit/pixel;Self-illuminating;
2210;;159 mm;1080x2280;Color IPS TFT LCD display;24 bit/pixel;Yes;
2211;;31 mm;;Color IPS TFT LCD display;24 bit/pixel;Yes;
2212;;119 mm;720x1280;Color IPS TFT LCD display;24 bit/pixel;Yes;
2213;;162.31 mm;1080x2340;Color AM-OLED display;24 bit/pixel;Self-illuminating;
2214;;200 mm;2048x1536;Color IPS TFT LCD display;24 bit/pixel;Yes;
2215;;213 mm;2560x1600;Color IPS TFT LCD display;24 bit/pixel;Yes;
2216;;254 mm;2560x1600;Color IPS TFT LCD display;24 bit/pixel;Yes;
2217;;198 mm;1920x1440;Color AM-OLED display;24 bit/pixel;Self-illuminating;
2218;;156.9 mm;1080x2246;Color AM-OLED display;30 bit/pixel;Self-illuminating;
2219;;144.78 mm;720x1520;Color IPS TFT LCD display;24 bit/pixel;Yes;
2220;;157 mm;720x1500;Color IPS TFT LCD display;24 bit/pixel;Yes;
2221;;102 mm;480x800;Color TN-TFT LCD display;24 bit/pixel;LED;
2222;;154.64 mm;720x1560;Color IPS TFT LCD display;24 bit/pixel;LED;
2223;1-hole;162.3 mm;1080x2340;Color PLS TFT LCD display;24 bit/pixel;LED;
2224;;144.78 mm;1080x2160;Color TN-TFT LCD display;24 bit/pixel;LED;
2225;;101.6 mm;480x800;Color TN-TFT LCD display;24 bit/pixel;Yes;
2226;;102 mm;480x800;Color IPS TFT LCD display;24 bit/pixel;LED;
2227;;280 mm;1668x2388;Color IPS TFT LCD display;30 bit/pixel;LED;120 Hz
2228;;162.9 mm;1080x2340;Color AM-OLED display;24 bit/pixel;Self-illuminating;
2229;;328.4 mm;2048x2732;Color IPS TFT LCD display;30 bit/pixel;LED;
2230;;267 mm;1668x2224;Color IPS TFT LCD display;30 bit/pixel;LED;
2231;;127 mm;480x854;Color IPS TFT LCD display;24 bit/pixel;LED;
2232;;139.7 mm;1080x2160;Color ASV TFT LCD display;30 bit/pixel;Yes;
2233;;159.5 mm;1080x2220;Color AM-OLED display;24 bit/pixel;Self-illuminating;
2234;;254 mm;1920x1200;Color IPS TFT LCD display;24 bit/pixel;Yes;
2235;;134.62 mm;480x960;Color IPS TFT LCD display;24 bit/pixel;Yes;
2236;;132 mm;720x1440;Color IPS TFT LCD display;24 bit/pixel;LED;
2237;;256 mm;2560x1600;Color IPS TFT LCD display;24 bit/pixel;Yes;
2238;;256 mm;1280x800;Color IPS TFT LCD display;24 bit/pixel;Yes;
2239;;162.8 mm;1080x2340;Color AM-OLED display;30 bit/pixel;Self-illuminating;
2240;;114 mm;480x854;Color TN-TFT LCD display;24 bit/pixel;Yes;
2241;;152 mm;1440x2880;Color AM-OLED display;24 bit/pixel;Self-illuminating;
2242;;148.59 mm;720x1512;Color IPS TFT LCD display;24 bit/pixel;Yes;
2243;;83.82 mm;720x1280;Color IPS TFT LCD display;24 bit/pixel;Yes;
2244;;157.45 mm;1080x2160;Color TN-TFT LCD display;24 bit/pixel;LED;
2245;;127 mm;720x1280;Color TN-TFT LCD display;24 bit/pixel;Yes;
2246;;152.4 mm;1080x2160;Color AM-OLED display;24 bit/pixel;LED;
2247;;152 mm;1080x2160;Color TN-TFT LCD display;24 bit/pixel;LED;
2248;;160.53 mm;1080x2340;Color IPS TFT LCD display;24 bit/pixel;LED;
2249;;157.48 mm;720x1512;Color IPS TFT LCD display;24 bit/pixel;LED;
2250;;138.4 mm;720x1440;Color ASV TFT LCD display;24 bit/pixel;LED;
2251;;81 mm;480x800;Color TN-TFT LCD display;18 bit/pixel;Yes;
2252;;157.97 mm;720x1520;Color IPS TFT LCD display;24 bit/pixel;LED;
2253;;135.6 mm;480x960;Color IPS TFT LCD display;24 bit/pixel;LED;
2254;;152.4 mm;1080x2180;Color IPS TFT LCD display;24 bit/pixel;Yes;
2255;;139 mm;720x1440;Color IPS TFT LCD display;24 bit/pixel;Yes;
2256;;156.97 mm;1080x2246;Color IPS TFT LCD display;24 bit/pixel;LED;
2257;;152.4 mm;1080x2160;Color PLS TFT LCD display;24 bit/pixel;LED;
2258;;152 mm;720x1440;Color IPS TFT LCD display;24 bit/pixel;LED;
2259;;107 mm;1080x1920;Color AM-OLED display;24 bit/pixel;Self-illuminating;
2260;;152.14 mm;1080x2160;Color AM-OLED display;30 bit/pixel;Self-illuminating;
2261;;127 mm;480x845;Color IPS TFT LCD display;24 bit/pixel;LED;
2262;;152.21 mm;1440x2560;Color AM-OLED display;24 bit/pixel;Self-illuminating;
2263;;148.6 mm;1080x2280;Color IPS TFT LCD display;24 bit/pixel;LED;
2264;;148.6 mm;720x1440;Color IPS TFT LCD display;24 bit/pixel;LED;
2265;;152.4 mm;1440x2880;Color PVA TFT LCD display;30 bit/pixel;LED;
2266;;157.2 mm;720x1500;Color IPS TFT LCD display;24 bit/pixel;LED;
2267;;160 mm;1080x2220;Color AM-OLED display;24 bit/pixel;Self-illuminating;
2268;;162.81 mm;1080x2340;Color AM-OLED display;24 bit/pixel;Self-illuminating;
2269;;149.9 mm;1080x2160;Color IPS TFT LCD display;24 bit/pixel;LED;
2270;;203 mm;1920x1200;Color TN-TFT LCD display;24 bit/pixel;LED;
2271;;96 mm;320x480;Color TN-TFT LCD display;16 bit/pixel;Yes;
2272;;88.9 mm;320x480;Color IPS TFT LCD display;24 bit/pixel;Yes;
2273;;155 mm;828x1792;Color IPS TFT LCD display;30 bit/pixel;LED;
2274;;86.36 mm;540x960;Color ASV TFT LCD display;24 bit/pixel;Yes;
2275;;119.4 mm;720x1280;Color IPS TFT LCD display;24 bit/pixel;Yes;
2276;;157.5 mm;1080x2246;Color IPS TFT LCD display;24 bit/pixel;Yes;
2277;;303.7 mm;2160x1440;Color AM-OLED display;24 bit/pixel;Self-illuminating;
2278;;157 mm;1080x2280;Color IPS TFT LCD display;24 bit/pixel;LED;
2279;;165.86 mm;1080x2244;Color IPS TFT LCD display;30 bit/pixel;LED;
2280;;144.8 mm;1440x2560;Color IPS TFT LCD display;24 bit/pixel;LED;
2281;;148.55 mm;1125x2436;Color AM-OLED display;24 bit/pixel;Self-illuminating;
2282;;132 mm;1080x1920;Color IPS TFT LCD display;24 bit/pixel;LED;
2283;;226 mm;2560x1600;Color IPS TFT LCD display;24 bit/pixel;Yes;
2284;;177.8 mm;1024x600;Color IPS TFT LCD display;24 bit/pixel;Yes;
2285;;152.4 mm;1280x800;Color IPS TFT LCD display;24 bit/pixel;Yes;
2286;;226 mm;1280x800;Color IPS TFT LCD display;24 bit/pixel;Yes;
2287;;177.8 mm;1280x800;Color IPS TFT LCD display;24 bit/pixel;Yes;
2288;;226 mm;1280x800;Color TN-TFT LCD display;24 bit/pixel;Yes;
2289;;160 mm;1440x2960;Color AM-OLED display;24 bit/pixel;Self-illuminating;
2290;;157.48 mm;1080x2246;Color IPS TFT LCD display;24 bit/pixel;Yes;
2291;;139 mm;1080x2160;Yes;24 bit/pixel;Yes;
2292;;145.3 mm;1440x2560;Color ASV TFT LCD display;24 bit/pixel;LED;120 Hz
2293;;35.3 mm;400x400;Color AM-OLED display;24 bit/pixel;Self-illuminating;
2294;;38.8 mm;320x320;Color IPS TFT LCD display;24 bit/pixel;LED;
2295;;148.6 mm;720x1520;Color IPS TFT LCD display;24 bit/pixel;LED;
2296;;144.78 mm;1080x2160;Color IPS TFT LCD display;24 bit/pixel;LED;
2297;;30.5 mm;360x360;Color IPS TFT LCD display;24 bit/pixel;LED;
2298;;165 mm;1242x2688;Color AM-OLED display;24 bit/pixel;Self-illuminating;
2299;;157 mm;1080x2246;Color IPS TFT LCD display;30 bit/pixel;LED;
2300;;139.7 mm;720x1280;Color TN-TFT LCD display;24 bit/pixel;LED;
2301;;127 mm;480x854;Color TN-TFT LCD display;24 bit/pixel;LED;
2302;;152.14 mm;1080x2160;Color IPS TFT LCD display;24 bit/pixel;LED;
2303;;156 mm;1080x2246;Color IPS TFT LCD display;24 bit/pixel;LED;
2304;;149.86 mm;720x1520;Color IPS TFT LCD display;24 bit/pixel;Yes;
2305;;157.48 mm;1080x2246;Color IPS TFT LCD display;24 bit/pixel;LED;
2306;;132 mm;1080x1920;Color AM-OLED display;24 bit/pixel;Self-illuminating;
2307;;156.7 mm;1080x2242;Color IPS TFT LCD display;30 bit/pixel;LED;
2308;;148.33 mm;1080x2280;Color IPS TFT LCD display;24 bit/pixel;Yes;
2309;;152 mm;1080x2160;Color IPS TFT LCD display;24 bit/pixel;LED;
2310;;106.87 mm;768x1280;Color IPS TFT LCD display;24 bit/pixel;LED;
2311;;132.08 mm;720x1280;Color IPS TFT LCD display;24 bit/pixel;Yes;
2312;;176.5 mm;1024x600;Color IPS TFT LCD display;24 bit/pixel;Yes;
2313;;203.2 mm;1280x800;Color IPS TFT LCD display;24 bit/pixel;Yes;
2314;;144 mm;720x1498;Color IPS TFT LCD display;24 bit/pixel;LED;
2315;;132 mm;480x854;Color TN-TFT LCD display;24 bit/pixel;Yes;
2316;;30.5 mm;390x390;Color TN-TFT LCD display;24 bit/pixel;Yes;
2317;;144 mm;720x1440;Color TN-TFT LCD display;24 bit/pixel;LED;
2318;;160 mm;1080x2340;Color TN-TFT LCD display;24 bit/pixel;LED;
2319;;162.4 mm;1440x3120;Color AM-OLED display;24 bit/pixel;Self-illuminating;
2320;;149 mm;1080x2160;Color IPS TFT LCD display;24 bit/pixel;Yes;
2321;;256.54 mm;1024x600;Color TN-TFT LCD display;24 bit/pixel;Yes;
2322;;144.78 mm;720x1440;Color TN-TFT LCD display;24 bit/pixel;Yes;
2323;;150.6 mm;720x1512;Color IPS TFT LCD display;24 bit/pixel;Yes;
2324;;138.45 mm;720x1440;Color IPS TFT LCD display;24 bit/pixel;Yes;
2325;;266.7 mm;1600x2560;Color AM-OLED display;24 bit/pixel;Self-illuminating;
2326;;144.78 mm;480x960;Color TN-TFT LCD display;24 bit/pixel;Yes;
2327;;142 mm;1080x2220;Color AM-OLED display;24 bit/pixel;Self-illuminating;
2328;;150.6 mm;1080x2160;Color IPS TFT LCD display;24 bit/pixel;LED;
2329;;114 mm;480x854;Color TN-TFT LCD display;;Yes;
2330;;146.5 mm;1440x2960;Color AM-OLED display;24 bit/pixel;Self-illuminating;
2331;;162.6 mm;1440x2960;Color AM-OLED display;24 bit/pixel;Self-illuminating;
2332;;144 mm;1080x2160;Color IPS TFT LCD display;24 bit/pixel;Yes;
2333;;147 mm;1080x2244;Color IPS TFT LCD display;24 bit/pixel;LED;
2334;;138.94 mm;720x1440;Color IPS TFT LCD display;24 bit/pixel;LED;
2335;;132.08 mm;1080x1920;Color IPS TFT LCD display;24 bit/pixel;LED;
2336;;152.4 mm;1080x1920;Color IPS TFT LCD display;24 bit/pixel;Yes;
2337;;176.53 mm;1080x2220;Color AM-OLED display;24 bit/pixel;Yes;
2338;;165.1 mm;1080x2160;Color AM-OLED display;24 bit/pixel;Self-illuminating;
2339;;31 mm;;Yes;24 bit/pixel;Yes;
2340;;30 mm;360x360;Color AM-OLED display;24 bit/pixel;Self-illuminating;
2341;;134.6 mm;720x1280;Color TN-TFT LCD display;24 bit/pixel;LED;
2342;;152.15 mm;1080x2160;Color IPS TFT LCD display;24 bit/pixel;LED;
2343;;152.14 mm;720x1440;Color IPS TFT LCD display;24 bit/pixel;Yes;
2344;;152.4 mm;1080x2160;Color AM-OLED display;30 bit/pixel;Self-illuminating;90 Hz
2345;;139.7 mm;720x1512;Color IPS TFT LCD display;24 bit/pixel;Yes;
2346;;119.38 mm;720x1280;Color IPS TFT LCD display;24 bit/pixel;Yes;
2347;;266.7 mm;1200x1920;Color IPS TFT LCD display;24 bit/pixel;Yes;
2348;;147.32 mm;720x1440;Color IPS TFT LCD display;24 bit/pixel;Yes;
2349;;167.4 mm;1080x2316;Color AM-OLED display;30 bit/pixel;Self-illuminating;
2350;;127 mm;720x1280;Color AM-OLED display;24 bit/pixel;Yes;
2351;;149.86 mm;720x1520;Color IPS TFT LCD display;24 bit/pixel;LED;
2352;;152.2 mm;1080x2160;Color IPS TFT LCD display;24 bit/pixel;LED;
2353;;177.8 mm;720x1280;Color IPS TFT LCD display;24 bit/pixel;Yes;
2354;;135.6 mm;480x960;Color IPS TFT LCD display;24 bit/pixel;Yes;
2355;;38.1 mm;400x400;Color AM-OLED display;24 bit/pixel;Yes;
2356;;157.27 mm;720x1500;Color IPS TFT LCD display;24 bit/pixel;LED;
2357;;35.3 mm;400x400;Color AM-OLED display;24 bit/pixel;Yes;
2358;;148.34 mm;1080x2280;Color IPS TFT LCD display;24 bit/pixel;LED;
2359;;33.02 mm;;Color AM-OLED display;24 bit/pixel;Yes;
2360;;30.23 mm;390x390;Color AM-OLED display;24 bit/pixel;Yes;
2361;;30.22 mm;390x390;Color AM-OLED display;24 bit/pixel;Yes;
2362;;35.3 mm;454x454;Color AM-OLED display;24 bit/pixel;Yes;
2363;;35.56 mm;290x320;Color AM-OLED display;24 bit/pixel;Yes;
2364;;159.5 mm;1080x2280;Color IPS TFT LCD display;24 bit/pixel;Yes;
2365;;101.6 mm;480x854;Color TN-TFT LCD display;24 bit/pixel;Yes;
2366;;134.62 mm;480x960;Color TN-TFT LCD display;24 bit/pixel;Yes;
2367;;138 mm;480x854;Color TN-TFT LCD display;24 bit/pixel;Yes;
2368;;139.7 mm;1080x2040;Color IPS TFT LCD display;24 bit/pixel;Yes;
2369;;132 mm;480x854;Color TN-TFT LCD display;18 bit/pixel;Yes;
2370;;175.26 mm;1080x2160;Color IPS TFT LCD display;24 bit/pixel;LED;
2371;;144 mm;1080x2160;Color IPS TFT LCD display;24 bit/pixel;LED;
2372;;127 mm;720x1280;Color IPS TFT LCD display;18 bit/pixel;Yes;
2373;;152.146 mm;1080x2160;Color IPS TFT LCD display;24 bit/pixel;LED;
2374;;132.08 mm;720x1280;Color IPS TFT LCD display;24 bit/pixel;LED;
2375;;152.1 mm;1440x2880;Color PVA TFT LCD display;30 bit/pixel;LED;
2376;;132 mm;720x1280;Color IPS TFT LCD display;24 bit/pixel;Yes;
2377;;127 mm;480x854;Color TN-TFT LCD display;18 bit/pixel;Yes;
2378;;152 mm;1080x2160;Color IPS TFT LCD display;24 bit/pixel;Yes;
2379;;157 mm;1080x2246;Color IPS TFT LCD display;24 bit/pixel;Yes;
2380;;38.1 mm;326x360;Yes;24 bit/pixel;Yes;
2381;;35.56 mm;190x320;Yes;24 bit/pixel;Yes;
2382;;152.46 mm;720x1440;Color IPS TFT LCD display;24 bit/pixel;Yes;
2383;;81.28 mm;240x320;Color TN-TFT LCD display;16 bit/pixel;Yes;
2384;;32 mm;144x168;monochrome E Ink display;2 bit/pixel;;
2385;;159.5 mm;1080x2280;Color AM-OLED display;24 bit/pixel;Self-illuminating;
2386;;109.22 mm;480x800;Color TN-TFT LCD display;24 bit/pixel;LED;
2387;;148.5 mm;1080x1920;Color IPS TFT LCD display;24 bit/pixel;Yes;
2388;;151.9 mm;1080x1920;Color IPS TFT LCD display;24 bit/pixel;Yes;
2389;;144.78 mm;1080x1920;Color IPS TFT LCD display;24 bit/pixel;LED;
2390;;157.48 mm;1080x2160;Color IPS TFT LCD display;24 bit/pixel;LED;
2391;;152.146 mm;720x1440;Color IPS TFT LCD display;24 bit/pixel;LED;
2392;;132.08 mm;720x1440;Color IPS TFT LCD display;24 bit/pixel;LED;
2393;;89 mm;320x480;Color TN-TFT LCD display;24 bit/pixel;Yes;
2394;;152 mm;1080x2280;Color IPS TFT LCD display;24 bit/pixel;Yes;
2395;;89 mm;320x480;Color IPS TFT LCD display;24 bit/pixel;Yes;
2396;;203.2 mm;1200x1920;Color IPS TFT LCD display;24 bit/pixel;Yes;
2397;;148.33 mm;1080x2220;Color IPS TFT LCD display;24 bit/pixel;LED;
2398;;134 mm;480x960;Color IPS TFT LCD display;24 bit/pixel;Yes;
2399;;132 mm;480x854;Color IPS TFT LCD display;24 bit/pixel;Yes;
2400;;132 mm;720x1280;Color IPS TFT LCD display;24 bit/pixel;LED;
2401;;145 mm;1440x2560;Color AM-OLED display;24 bit/pixel;Self-illuminating;
2402;;126.06 mm;1080x2160;Color IPS TFT LCD display;24 bit/pixel;LED;
2403;;149.35 mm;1080x2244;Color AM-OLED display;30 bit/pixel;Self-illuminating;
2404;;152.4 mm;1080x2160;Color ASV TFT LCD display;24 bit/pixel;LED;
2405;;114 mm;480x854;Color IPS TFT LCD display;24 bit/pixel;Yes;
2406;;147 mm;2160x3840;Color IPS TFT LCD display;24 bit/pixel;LED;
2407;;152.14 mm;720x1440;Color TN-TFT LCD display;24 bit/pixel;Yes;
2408;;147 mm;1080x2280;Color IPS TFT LCD display;24 bit/pixel;LED;
2409;;159.5 mm;1080x2280;Color AM-OLED display;30 bit/pixel;Self-illuminating;
2410;;148 mm;720x1512;Color IPS TFT LCD display;24 bit/pixel;Yes;
2411;;127 mm;720x1280;Color ASV TFT LCD display;24 bit/pixel;Yes;
2412;;143.51 mm;1080x2160;Color IPS TFT LCD display;24 bit/pixel;Yes;
2413;;134 mm;720x1280;Color IPS TFT LCD display;24 bit/pixel;LED;
2414;;127 mm;720x1280;Color TN-TFT LCD display;24 bit/pixel;LED;
2415;;127 mm;1080x1920;Color TN-TFT LCD display;24 bit/pixel;Yes;
2416;;155 mm;1080x2240;Color AM-OLED display;24 bit/pixel;Self-illuminating;
2417;;256.5 mm;800x1280;Color IPS TFT LCD display;24 bit/pixel;Yes;
2418;;144.78 mm;720x1440;Color TN-TFT LCD display;24 bit/pixel;LED;
2419;;147 mm;1080x2220;Color AM-OLED display;24 bit/pixel;Self-illuminating;
2420;;158.1 mm;1440x2960;Color AM-OLED display;24 bit/pixel;Self-illuminating;
2421;;138 mm;480x960;Color IPS TFT LCD display;24 bit/pixel;Yes;
2422;;151.13 mm;1440x2560;Color AM-OLED display;24 bit/pixel;LED;
2423;;138.68 mm;1080x1920;Color AM-OLED display;24 bit/pixel;LED;
2424;;158.2 mm;1080x2280;Color IPS TFT LCD display;24 bit/pixel;LED;
2425;;152.4 mm;1080x1920;Color TN-TFT LCD display;24 bit/pixel;Yes;
2426;;139 mm;1080x1920;Color TN-TFT LCD display;24 bit/pixel;LED;
2427;;132 mm;1080x1920;Color TN-TFT LCD display;24 bit/pixel;LED;
2428;;138.4 mm;720x960;Color IPS TFT LCD display;24 bit/pixel;Yes;
2429;;139 mm;640x1280;Color IPS TFT LCD display;24 bit/pixel;LED;
2430;;139.5 mm;1440x2560;Color AM-OLED display;24 bit/pixel;Self-illuminating;
2431;;129.2 mm;1440x2560;Color AM-OLED display;24 bit/pixel;Self-illuminating;
2432;;145 mm;720x1440;Color TN-TFT LCD display;24 bit/pixel;LED;
2433;;152.65 mm;1080x2160;Color IPS TFT LCD display;24 bit/pixel;LED;
2434;;145.29 mm;720x1440;Color IPS TFT LCD display;24 bit/pixel;Yes;
2435;;127 mm;1080x1920;Color IPS TFT LCD display;18 bit/pixel;Yes;
2436;;144 mm;1080x1920;Color IPS TFT LCD display;24 bit/pixel;Yes;
2437;;101 mm;480x800;Color IPS TFT LCD display;24 bit/pixel;Yes;
2438;;114 mm;720x1080;Color IPS TFT LCD display;24 bit/pixel;Yes;
2439;;39 mm;240x240;Color IPS TFT LCD display;24 bit/pixel;Yes;
2440;;246.38 mm;1536x2048;Color IPS TFT LCD display;24 bit/pixel;Yes;
2441;;150 mm;1080x2160;Color IPS TFT LCD display;24 bit/pixel;Yes;
2442;;33.5 mm;320x300;Color TN-TFT LCD display;24 bit/pixel;Yes;
2443;;246 mm;1536x2048;Color IPS TFT LCD display;24 bit/pixel;LED;
2444;;144.7 mm;1440x2880;Color IPS TFT LCD display;24 bit/pixel;LED;
2445;;152.1 mm;1080x2160;Color PVA TFT LCD display;24 bit/pixel;LED;
2446;;139 mm;720x1440;Color IPS TFT LCD display;24 bit/pixel;LED;
2447;;61 mm;320x240;Color TN-TFT LCD display;24 bit/pixel;Yes;
2448;;88.9 mm;320x480;Color TN-TFT LCD display;18 bit/pixel;Yes;
2449;;133.9 mm;1440x2560;Color IPS TFT LCD display;24 bit/pixel;LED;
2450;;152 mm;1080x2160;Color TN-TFT LCD display;24 bit/pixel;Yes;
2451;;127 mm;1080x1920;Color AM-OLED display;24 bit/pixel;Yes;
2452;;139 mm;720x1280;Color IPS TFT LCD display;24 bit/pixel;Yes;
2453;;178 mm;720x1280;Color IPS TFT LCD display;24 bit/pixel;Yes;
2454;;35.56 mm;400x400;Color AM-OLED display;24 bit/pixel;Self-illuminating;
2455;;139.7 mm;1440x2560;Color PVA TFT LCD display;24 bit/pixel;LED;
2456;;152.4 mm;720x1528;Color IPS TFT LCD display;24 bit/pixel;Yes;
2457;;32.5 mm;176x176;Yes;24 bit/pixel;Yes;
2458;;274.32 mm;1600x2560;Color IPS TFT LCD display;24 bit/pixel;Yes;
2459;;213.36 mm;1600x2560;Color IPS TFT LCD display;24 bit/pixel;Yes;
2460;;139 mm;720x1280;Color TN-TFT LCD display;24 bit/pixel;Yes;
2461;;101 mm;480x800;Color TN-TFT LCD display;24 bit/pixel;Yes;
2462;;157 mm;1080x2160;Color IPS TFT LCD display;24 bit/pixel;Yes;
2463;;152 mm;720x1280;Color IPS TFT LCD display;24 bit/pixel;Yes;
2464;;34 mm;300x320;Yes;24 bit/pixel;Yes;
2465;;139 mm;1440x2560;Color AM-OLED display;24 bit/pixel;Self-illuminating;
2466;;139.5 mm;1080x1920;Color AM-OLED display;24 bit/pixel;Self-illuminating;
2467;;134.6 mm;720x1280;Color IPS TFT LCD display;24 bit/pixel;Yes;
2468;;113.1 mm;480x854;Color IPS TFT LCD display;24 bit/pixel;Yes;
2469;;129 mm;720x1280;Color IPS TFT LCD display;24 bit/pixel;Yes;
2470;;152.4 mm;1080x1920;Color TN-TFT LCD display;24 bit/pixel;LED;
2471;;139.7 mm;720x144;Color IPS TFT LCD display;24 bit/pixel;Yes;
2472;;152 mm;1080x1920;Color IPS TFT LCD display;24 bit/pixel;Yes;
2473;;139 mm;1080x1920;Color AM-OLED display;24 bit/pixel;Yes;
2474;;143.5 mm;720x1440;Color IPS TFT LCD display;24 bit/pixel;Yes;
2475;;138 mm;480x960;Color TN-TFT LCD display;24 bit/pixel;Yes;
2476;;83.8 mm;480x844;Color IPS TFT LCD display;24 bit/pixel;Yes;
2477;;145.5 mm;1440x2560;Color ASV TFT LCD display;24 bit/pixel;LED;120 Hz
2478;;134.62 mm;1080x1920;Color ASV TFT LCD display;24 bit/pixel;Yes;
2479;;139.7 mm;1080x1920;Color IPS TFT LCD display;24 bit/pixel;Self-illuminating;
2480;;130.2 mm;1080x1920;Color IPS TFT LCD display;24 bit/pixel;LED;
2481;;139 mm;1080x1920;Color AM-OLED display;24 bit/pixel;Self-illuminating;
2482;;114.3 mm;540x960;Color IPS TFT LCD display;24 bit/pixel;LED;
2483;;132.1 mm;720x1280;Color IPS TFT LCD display;24 bit/pixel;LED;
2484;;152.21 mm;1080x2160;Color ASV TFT LCD display;24 bit/pixel;LED;
2485;;163.3 mm;1080x2160;Color AM-OLED display;24 bit/pixel;Self-illuminating;
2486;;152.2 mm;720x1440;Color ASV TFT LCD display;24 bit/pixel;Yes;
2487;;152.21 mm;1080x2160;Color AM-OLED display;24 bit/pixel;Self-illuminating;
2488;;127 mm;484x854;Color TN-TFT LCD display;24 bit/pixel;Yes;
2489;;35.4 mm;390x390;Color AM-OLED display;24 bit/pixel;Self-illuminating;
2490;;35.4 mm;400x400;Color AM-OLED display;24 bit/pixel;Self-illuminating;
2491;;132 mm;720x1280;Color TN-TFT LCD display;24 bit/pixel;Yes;
2492;;203.2 mm;1920x1200;Color TN-TFT LCD display;24 bit/pixel;Yes;
2493;;127 mm;1080x1920;Color ASV TFT LCD display;24 bit/pixel;Yes;
2494;;312.42 mm;1920x1080;Color TN-TFT LCD display;24 bit/pixel;Yes;
2495;;163.32 mm;1080x2160;Color AM-OLED display;24 bit/pixel;Self-illuminating;
2496;;106.7 mm;720x1280;Color IPS TFT LCD display;24 bit/pixel;Yes;
2497;;132.08 mm;480x854;Color IPS TFT LCD display;24 bit/pixel;Yes;
2498;;30.4 mm;240x240;Color TN-TFT LCD display;24 bit/pixel;Yes;
2499;;139 mm;720x1080;Color AM-OLED display;24 bit/pixel;Yes;
2500;;256 mm;1920x1200;Color TN-TFT LCD display;24 bit/pixel;Yes;
2501;;152.1 mm;1080x2160;Color IPS TFT LCD display;24 bit/pixel;LED;
2502;;139.7 mm;1080x2040;Color ASV TFT LCD display;24 bit/pixel;LED;
2503;;139.19 mm;1080x2040;Color ASV TFT LCD display;24 bit/pixel;LED;
2504;;127 mm;720x1280;Color AM-OLED display;24 bit/pixel;Self-illuminating;
2505;;124.46 mm;1080x2032;Color ASV TFT LCD display;24 bit/pixel;Yes;120 Hz
2506;;150.6 mm;1080x2160;Color IPS TFT LCD display;24 bit/pixel;Yes;
2507;;127 mm;540x960;Color IPS TFT LCD display;24 bit/pixel;Yes;
2508;;152.14 mm;1080x2160;Color TN-TFT LCD display;24 bit/pixel;LED;
2509;;138.786 mm;2160x3840;Color TN-TFT LCD display;24 bit/pixel;LED;
2510;;163.322 mm;1080x2160;Color AM-OLED display;24 bit/pixel;Self-illuminating;
2511;;139.7 mm;720x1280;Color AM-OLED display;24 bit/pixel;Self-illuminating;
2512;;152.4 mm;1080x2160;Color TN-TFT LCD display;24 bit/pixel;LED;
2513;;145 mm;1080x1920;Color IPS TFT LCD display;24 bit/pixel;Yes;
2514;;203 mm;1200x1920;Color TN-TFT LCD display;24 bit/pixel;Yes;
2515;;337.82 mm;1920x1080;Color IPS TFT LCD display;24 bit/pixel;LED;
2516;;139 mm;1080x1920;Color ASV TFT LCD display;24 bit/pixel;LED;
2517;;152.6 mm;1080x2160;Color AM-OLED display;30 bit/pixel;Self-illuminating;
2518;;312.42 mm;2736x1824;Color IPS TFT LCD display;24 bit/pixel;Yes;
2519;;139.7 mm;1080x1920;Color ASV TFT LCD display;24 bit/pixel;Yes;
2520;;126.7 mm;720x1280;Color IPS TFT LCD display;24 bit/pixel;LED;
2521;;142 mm;640x240;Monochrome STN LCD display;2 bit/pixel;ELP;
2522;;132 mm;1080x1920;Color PVA TFT LCD display;24 bit/pixel;LED;
2523;;152.15 mm;1080x2160;Yes;24 bit/pixel;Yes;
2524;;152.654 mm;1080x2160;Color AM-OLED display;24 bit/pixel;Self-illuminating;
2525;;139.7 mm;1080x2160;Color IPS TFT LCD display;24 bit/pixel;Yes;
2526;;33 mm;;Yes;24 bit/pixel;Yes;
2527;;256.54 mm;1920x1200;Color TN-TFT LCD display;24 bit/pixel;Yes;
2528;;114.3 mm;720x1280;Color IPS TFT LCD display;24 bit/pixel;Yes;
2529;;139.4 mm;1080x1920;Color AM-OLED display;24 bit/pixel;Self-illuminating;
2530;;152 mm;1080x1920;Color IPS TFT LCD display;24 bit/pixel;LED;
2531;;152 mm;1440x2880;Color PVA TFT LCD display;30 bit/pixel;LED;
2532;;132 mm;720x1080;Color IPS TFT LCD display;24 bit/pixel;Yes;
2533;;130.8 mm;1080x1920;Color IPS TFT LCD display;24 bit/pixel;LED;
2534;;139 mm;1080x1920;Color ASV TFT LCD display;24 bit/pixel;Yes;
2535;;126 mm;480x854;Color TN-TFT LCD display;24 bit/pixel;Yes;
2536;;152 mm;720x1280;Color IPS TFT LCD display;24 bit/pixel;LED;
2537;;150 mm;1440x2560;Color IPS TFT LCD display;24 bit/pixel;LED;
2538;;32 mm;144x168;Monochrome TFT LCD display;24 bit/pixel;Yes;
2539;;139 mm;1080x2160;Color IPS TFT LCD display;24 bit/pixel;LED;
2540;;138.6 mm;1080x1920;Color AM-OLED display;24 bit/pixel;Self-illuminating;
2541;;86.4 mm;540x960;Color ASV TFT LCD display;24 bit/pixel;Yes;
2542;;117 mm;720x1280;Color IPS TFT LCD display;24 bit/pixel;LED;
2543;;203 mm;1280x800;Color IPS TFT LCD display;24 bit/pixel;Yes;
2544;;178 mm;1024x600;Color IPS TFT LCD display;24 bit/pixel;Yes;
2545;;152.4 mm;720x1280;Color IPS TFT LCD display;24 bit/pixel;Yes;
2546;;139.7 mm;720x1280;Yes;24 bit/pixel;Yes;
2547;;27.94 mm;218x218;Color TN-TFT LCD display;24 bit/pixel;Yes;
2548;;145.5 mm;1080x2040;Color TN-TFT LCD display;24 bit/pixel;LED;
2549;;256 mm;1920x1200;Color TN-TFT LCD display;24 bit/pixel;LED;
2550;;152 mm;1080x2160;Color AM-OLED display;24 bit/pixel;Yes;
2551;;152.4 mm;1080x2160;Color AM-OLED display;24 bit/pixel;Yes;
2552;;312.42 mm;2400x1600;Color ASV TFT LCD display;24 bit/pixel;LED;
2553;;199.4 mm;2048x1536;Color IPS TFT LCD display;24 bit/pixel;Yes;
2554;;126 mm;720x1280;Color IPS TFT LCD display;24 bit/pixel;LED;
2555;;139.7 mm;1080x1920;Color TN-TFT LCD display;24 bit/pixel;Yes;
2556;;127 mm;480x854;Yes;24 bit/pixel;Yes;
2557;;132.1 mm;480x854;Color TN-TFT LCD display;24 bit/pixel;Yes;
2558;;81 mm;160x240;Monochrome STN LCD display;2 bit/pixel;ELP;
2559;;294 mm;1366x768;Color TN-TFT LCD display;24 bit/pixel;Yes;
2560;;203.2 mm;1280x800;Color IPS TFT LCD display;24 bit/pixel;LED;
2561;;200 mm;1024x768;Color IPS TFT LCD display;24 bit/pixel;Yes;
2562;;152.1 mm;720x1440;Color ASV TFT LCD display;24 bit/pixel;Yes;
2563;;152 mm;720x1280;Color ASV TFT LCD display;24 bit/pixel;LED;
2564;;139 mm;720x1280;Color ASV TFT LCD display;24 bit/pixel;LED;
2565;;127 mm;1080x1920;Color AM-OLED display;24 bit/pixel;Self-illuminating;
2566;;152.4 mm;1080x1920;Color IPS TFT LCD display;24 bit/pixel;LED;
2567;;88.9 mm;480x800;Color IPS TFT LCD display;24 bit/pixel;Yes;
2568;;152.65 mm;720x1440;Color IPS TFT LCD display;24 bit/pixel;Yes;
2569;;160.5 mm;1440x2960;Color AM-OLED display;24 bit/pixel;Self-illuminating;
2570;;119.3 mm;720x1280;Color IPS TFT LCD display;24 bit/pixel;Yes;
2571;;139.7 mm;540x960;Color IPS TFT LCD display;24 bit/pixel;Yes;
2572;;139.7 mm;1080x1920;Color AM-OLED display;24 bit/pixel;Yes;
2573;;139.7 mm;1080x1920;Color TN-TFT LCD display;24 bit/pixel;LED;
2574;;139.7 mm;1080x1920;Color AM-OLED display;24 bit/pixel;Self-illuminating;
2575;;139.7 mm;720x1440;Color AM-OLED display;24 bit/pixel;Yes;
2576;;127 mm;1080x1920;Color TN-TFT LCD display;24 bit/pixel;LED;
2577;;147 mm;1440x2960;Color AM-OLED display;24 bit/pixel;Self-illuminating;
2578;;119.4 mm;1280x720;Color IPS TFT LCD display;24 bit/pixel;Yes;
2579;;30.5 mm;360x360;Color AM-OLED display;24 bit/pixel;Self-illuminating;
2580;;35.56 mm;454x454;Color AM-OLED display;24 bit/pixel;Self-illuminating;
2581;;114.3 mm;540x960;Color IPS TFT LCD display;24 bit/pixel;Yes;
2582;;268.6 mm;1920x1080;Color TN-TFT LCD display;24 bit/pixel;LED;
2583;;256.5 mm;1280x800;Color TN-TFT LCD display;24 bit/pixel;Yes;
2584;;24.4 mm;64x128;Color PM-OLED display;24 bit/pixel;Yes;
2585;;24.1 mm;240x240;Color PM-OLED display;24 bit/pixel;Yes;
2586;;33 mm;240x240;Color IPS TFT LCD display;24 bit/pixel;Yes;
2587;;114 mm;480x854;Color IPS TFT LCD display;24 bit/pixel;LED;
2588;;132 mm;1440x2560;Color IPS TFT LCD display;24 bit/pixel;LED;
2589;;178 mm;1920x1200;Color IPS TFT LCD display;24 bit/pixel;LED;
2590;;127 mm;720x1080;Color IPS TFT LCD display;24 bit/pixel;LED;
2591;;139.7 mm;480x854;Color IPS TFT LCD display;24 bit/pixel;Yes;
2592;;119 mm;720x1280;Color IPS TFT LCD display;24 bit/pixel;LED;
2593;;89 mm;320x480;Color TN-TFT LCD display;18 bit/pixel;Yes;
2594;;96.6 mm;480x800;Color TN-TFT LCD display;24 bit/pixel;Yes;
2595;;152.4 mm;1080x1920;Yes;24 bit/pixel;Yes;
2596;;132.1 mm;720x1280;Color IPS TFT LCD display;24 bit/pixel;Yes;
2597;;152.1 mm;1080x2160;Color ASV TFT LCD display;24 bit/pixel;Yes;
2598;;203 mm;1200x1920;Color IPS TFT LCD display;24 bit/pixel;Yes;
2599;;139.7 mm;1080x1920;Color ASV TFT LCD display;24 bit/pixel;LED;
2600;;144.78 mm;720x1440;Color ASV TFT LCD display;24 bit/pixel;LED;